{"_step":49,"train/train_loss":[10.706302911043167,3.3126755878329277,0.08029573829844594],"valid_step":24,"_timestamp":1.7478283691698844e+09,"train_step":24,"valid/hit@10":0.4507,"train/epoch":24,"valid/precision@10":0.0562,"eval/hit@10":0.4464,"eval/recall@10":0.1045,"_runtime":224.1509513,"eval/precision@10":0.056,"eval/ndcg@10":0.0843,"valid/recall@10":0.1018,"valid/mrr@10":0.1441,"valid/ndcg@10":0.0816,"_wandb":{"runtime":227},"eval/mrr@10":0.1484}