{"valid/recall@10":0.1021,"train/train_loss":[12.713850736618042,3.609070412814617,0.07214514666702598],"_runtime":78.3108249,"valid/mrr@10":0.1501,"eval/precision@10":0.056,"_wandb":{"runtime":80},"valid/hit@10":0.4433,"valid/precision@10":0.0562,"train_step":14,"eval/hit@10":0.4464,"eval/recall@10":0.1045,"_timestamp":1.7478196956976516e+09,"valid_step":14,"valid/ndcg@10":0.0851,"eval/mrr@10":0.1484,"train/epoch":14,"eval/ndcg@10":0.0843,"_step":29}