{"eval/ndcg@10":0.0055,"valid/ndcg@10":0.0063,"train/epoch":0,"eval/precision@10":0.0054,"train_step":0,"_runtime":8.4940287,"_wandb":{"runtime":10},"valid/precision@10":0.0059,"valid/hit@10":0.0583,"valid/mrr@10":0.0162,"valid/recall@10":0.0046,"valid_step":0,"eval/recall@10":0.0047,"eval/mrr@10":0.0134,"_step":1,"_timestamp":1.747167590858835e+09,"train/train_loss":[27.033345878124237,21.49227711558342,0.04266121797263622],"eval/hit@10":0.052}