{"eval/hit@10":0.3542,"valid/ndcg@10":0.0656,"eval/mrr@10":0.1125,"_timestamp":1.7471677110999298e+09,"train_step":4,"valid/recall@10":0.0746,"eval/recall@10":0.0718,"_runtime":27.2032928,"valid/precision@10":0.0475,"valid/hit@10":0.3902,"train/train_loss":[24.39005821943283,5.19998624175787,0.047930510714650154],"eval/precision@10":0.0448,"valid_step":4,"valid/mrr@10":0.123,"_step":9,"_wandb":{"runtime":29},"train/epoch":4,"eval/ndcg@10":0.0618}