{"train/train_loss":[10.706302911043167,3.3126755878329277,0.08029573829844594],"eval/ndcg@10":0.0843,"eval/precision@10":0.056,"valid/mrr@10":0.1441,"valid_step":24,"eval/hit@10":0.4464,"valid/recall@10":0.1018,"eval/recall@10":0.1045,"valid/hit@10":0.4507,"_wandb":{"runtime":129},"valid/ndcg@10":0.0816,"_step":49,"_runtime":126.4259999,"train/epoch":24,"train_step":24,"_timestamp":1.747819910482798e+09,"valid/precision@10":0.0562,"eval/mrr@10":0.1484}